title,product_type,first_sku,handle
"Reloj Minimalista con Calendario y Triple Zona Horaria","Watches","CJQL280008101AZ","trendy-minimalist-multi-functional-three-time-zone-calendar-watch"
"Cargador 12V para Linterna de Auto (10 Unidades)","Auto","CJCD28306490001","10-x-12v-dc-car-charger-adapter-power-supply-for-headlamp-flashlight-torch-light"
"Cargador de Pared para Linterna Recargable","Electronics","CJCD28306470001","wall-ac-charger-home-charger-for-rechargeable-headlamp-flashlight-torch-us-plug"
"Traje de Baño Entero Estampado Leopardo para Mujer","Women's Clothing","CJNT292344301AZ","european-and-american-style-leopard-print-one-piece-swimsuit-for-women"
"Blusa Blanca Holgada Versátil","Women's Clothing","CJYD292344001AZ","western-style-versatile-white-loose-fitting-shirt"
"Enterizo de Tiras para Mujer","Women's Clothing","CJYD292338101AZ","european-and-american-style-womens-strap-jumpsuit"
"Suéter Reversible de Cuello Alto","Women's Clothing","CJMY292316401AZ","thickened-mock-neck-base-layer-reversible-sweater"
"Vestido Plisado Cruzado Entallado para Mujer","Women's Clothing","CJLY292316001AZ","wrap-style-slimming-waist-cinching-pleated-solid-color-dress-for-women"
"Falda-Short de Yoga con Malla Deportiva","Sports & Fitness","CJDD292289501AZ","waist-cinching-figure-flattering-casual-yoga-skort-with-mesh-fitness-wear-sports-pants"
"Blusa con Cuello en V y Mangas Pétalo","Women's Clothing","CJYD292277801AZ","elegant-womens-v-neck-blouse-with-petal-sleeves-and-a-slit"
"Ropa Interior Transpirable para Hombre","Men's Clothing","CJSJ292287801AZ","mens-comfortable-breathable-patchwork-underwear"
"Conjunto de Polo con Cierre y Shorts","Men's Clothing","CJTW292277001AZ","zip-up-polo-shirt-and-shorts-set"
"Conjunto Deportivo de Algodón Talla Grande","Men's Clothing","CJTW292267102BY","plus-size-cotton-sportswear-set-for-middle-aged-and-elderly-adults"
"Sudadera de Forro Polar para Hombre","Men's Clothing","CJWY292258201AZ","mens-solid-color-double-sided-fleece-sweatshirt"
"Shorts Deportivos de Playa para Hombre","Men's Clothing","CJDK292257301AZ","muscle-building-summer-mens-athletic-shorts-for-the-beach"
"Pantalón Casual Entallado para Hombre","Men's Clothing","CJYD292241201AZ","mens-slim-fit-versatile-fashionable-casual-pants"
"Conjunto de Camisa y Shorts con Estampado 3D para Hombre","Men's Clothing","CJTW292239501AZ","mens-lapel-shirt-and-shorts-set-with-3d-print"
"Pantalón Casual con Lentejuelas para Hombre","Men's Clothing","CJYD292233001AZ","sequin-mens-slimming-figure-flattering-casual-trousers"
"Gorra de Béisbol Transpirable con Protección Solar","Men's Clothing","CJBQ292282001AZ","the-new-mens-brimmed-mesh-adjustable-sun-protective-casual-multi-purpose-baseball-cap-is-suitable-for-daily-commuting-outdoor-travel-and-sports-activities"
"Gorra de Béisbol de Malla Transpirable","Men's Clothing","CJBQ292249801AZ","summer-mens-multi-color-mesh-top-adjustable-simple-casual-style-breathable-flat-brim-baseball-cap-suitable-for-outdoor-outings-and-daily-activities"
"Conjunto Deportivo de Camiseta y Pantalón para Hombre","Men's Clothing","CJTW292224801AZ","mens-casual-sporty-printed-t-shirt-and-pants-two-piece-set"
"Sandalias de Tacón Ancho con Tiras","Footwear","CJNS292286301AZ","plus-size-chunky-heel-strappy-high-heeled-sandals"
"Sandalias de Tacón Medio con Hebilla","Footwear","CJYD292284701AZ","single-strap-square-toe-mid-heel-buckle-sandals"
"Sandalias con Tiras y Hebilla","Footwear","CJYD292252301AZ","buckle-americanstyle-sandal-strap"
"Sandalias Casuales de Punta Abierta para Mujer","Footwear","CJNS292234401AZ","womens-fashionable-casual-soft-soled-open-toe-sandals"
"Sandalias de Tacón Punta Abierta para Mujer","Footwear","CJYD292213301AZ","summer-new-fish-mouth-lace-up-high-heeled-womens-sandals"
"Sandalias de Plataforma con Punta Abierta","Footwear","CJYD292202801AZ","fashionable-open-toe-round-toe-thick-soled-high-heeled-slides-for-outdoor-wear"
"Sandalias Planas tipo Dedo Multicolor","Footwear","CJNS292036201AZ","foreign-trade-minimalist-flat-soled-colorblock-fashion-thong-sandals"
"Sandalias Bohemias con Pedrería","Footwear","CJYD292035301AZ","bohemian-new-style-fashionable-rhinestone-sandals"
"Sandalias de Cuña con Pedrería Talla Grande para Mujer","Footwear","CJYD292017001AZ","womens-cross-border-plus-size-rhinestone-wedge-sandals"
"Sandalias de Tacón Fino con Tira al Tobillo","Footwear","CJNS291823701AZ","stiletto-heel-sandals-with-a-thin-ankle-strap-and-a-single-buckle-1"
"Sandalias Elegantes de Tacón Alto","Footwear","CJYD291794501AZ","outerwear-minimalist-elegant-high-heeled-sandals-1"
"Sandalias Romanas de Plataforma para Mujer","Footwear","CJYD291763601AZ","fish-mouth-platform-high-top-roman-womens-sandals-1"
"Sandalias de Cuña Bohemias con Pedrería","Footwear","CJNS291744501AZ","retro-ethnic-bohemian-wedge-rhinestone-sandals-1"
"Zapatos Romanos de Cuña para Mujer","Footwear","CJYD291694102BY","european-and-american-wedge-heel-roman-style-womens-shoes-size-44"
"Sandalias de Tacón Fino con Hebilla para Mujer","Footwear","CJYD291642301AZ","summer-buckle-womens-fashion-stiletto-sandals-1"
"Sandalias Bohemias con Cuentas y Pedrería para Mujer","Footwear","CJYD291619301AZ","womens-bohemian-style-flip-flops-with-beaded-and-rhinestone-buckles-elastic-back-strap-1"
"Sandalias Planas con Hebilla","Footwear","CJNS291618101AZ","round-toe-peep-toe-flat-heeled-buckle-sandals-1"
"Chancletas Casuales de Suela Suave para Mujer","Footwear","CJNS291589501AZ","womens-casual-soft-soled-flip-flops"
"Sandalias Vintage de Punta Fina para Mujer","Footwear","CJYD291495501AZ","french-style-vintage-pointed-toe-sandals-for-women"
"Sandalias de Tacón Copa con Punta Abierta para Mujer","Footwear","CJYD291459801AZ","womens-summer-outdoor-wine-glass-heel-pointed-toe-open-toe-sandals"
"Olla Arrocera Eléctrica Multifuncional Antiadherente","Home & Living","CJCJ291739201AZ","electric-cooker-multifunctional-non-stick-pan-hot-pot-mini-rice-cooker-steamer-m"
"Plancha de Hierro Fundido para Parrilla BBQ","BBQ","CJCJ28986220001","cast-iron-rectangular-grill-multipurpose-safe-large-space-double-sided-double-ears-cast-iron-griddle-for-bbq-gas-grill-44x23x2cm-17-3x9-1x0-8in"
"Máquina Manual para Hacer Pasta y Fideos","Home & Living","CJCJ28952660001","pasta-maker-adjustable-multifunctional-manual-noodle-maker-machine-with-hand-crank-and-cutter-for-spaghetti-fettuccini-dumpling-skin"
"Set de Ollas de Acero Inoxidable 12 Piezas para Inducción","Home & Living","CJCJ28820280001","12pcs-stainless-steel-casserole-saucepan-stock-pot-set-kitchen-induction-cookware"
"Set de Ollas y Sartenes Antiadherentes 13 Piezas","Home & Living","CJCJ286019201AZ","13pcs-cookware-set-pan-pot-non-stick-saucepans-frying-pan-cookware-set-glass-lid"
"Zapatillas de Baile de Cuero PU","Footwear","CJYD292286501AZ","soft-soled-practice-pu-leather-cat-claw-gold-and-silver-dance-shoes"
"Bikini Deportivo de Dos Piezas de Tiro Alto para Mujer","Women's Clothing","CJYJ292269701AZ","womens-sporty-printed-high-waisted-two-piece-bikini"
"Bikini de Tres Piezas para Mujer","Women's Clothing","CJYD292188801AZ","sexy-womens-three-piece-split-bikini"
"Traje de Baño de Dos Piezas para Mujer","Women's Clothing","CJYJ292143201AZ","womens-two-piece-swimsuits-from-europe-and-america"
"Bikini Floral de Tiro Alto para Mujer","Women's Clothing","CJYJ292135001AZ","womens-floral-print-high-waisted-bikini-swimsuit"
"Traje de Baño Sexy de Dos Piezas para Mujer","Women's Clothing","CJYJ292063101AZ","fashionable-womens-sexy-two-piece-swimsuit"
"Soporte de Succión para Hacer Abdominales","Sports & Fitness","CJYD292016301AZ","new-dual-color-dual-suction-cup-sit-up-assist-device"
"Traje de Baño Entero Reductor para Mujer","Women's Clothing","CJNT291994101AZ","womens-new-style-modest-one-piece-swimsuit-with-tummy-covering-design"
"Traje de Baño de Dos Piezas Floral con Cordones para Mujer","Women's Clothing","CJYJ291993401AZ","womens-two-piece-swimsuit-fresh-and-chic-with-floral-print-and-lace-up-details"
"Traje de Baño Deportivo de Manga Larga para Mujer","Women's Clothing","CJNT291882101AZ","womens-spliced-two-piece-swimsuit-with-sporty-long-sleeves-and-print"
"Kit de Barra de Pilates con 6 Bandas de Resistencia","Sports & Fitness","CJJM291905201AZ","pilates-bar-kit-with-6-resistance-bands-home-gym-fitness-training-workout-set"
"Traje de Baño Entero de Playa para Mujer","Women's Clothing","CJNT291852501AZ","womens-one-piece-swimsuit-beach-casual-bikini-1"
"Traje de Baño Reductor para Mujer","Women's Clothing","CJYJ291779301AZ","european-and-american-style-tummyhiding-and-figureflattering-1"
"Calzón de Baño de Tiro Alto Talla Grande para Mujer","Women's Clothing","CJYJ291686801AZ","womens-plus-size-swimwear-modest-high-waist-swimsuit-bottoms"
"Traje de Baño Halter de Dos Piezas para Mujer","Women's Clothing","CJYJ291607701AZ","halter-neck-strap-two-piece-swimsuit-for-women-chic-style"
"Traje de Baño Entero con Espalda Descubierta para Mujer","Women's Clothing","CJNT291606001AZ","solid-color-one-piece-swimsuit-for-women-european-and-american-style-with-a-backless-panel-design"
"Conjunto Formal Floral Talla Grande de Dos Piezas","Women's Clothing","CJTZ292153801AZ","large-size-formal-yellow-flowered-collar-long-sleeved-pocket-two-piece-set"
"Sombrilla de Patio con Luz LED Solar 2.7m","Home & Living","CJZS28975970001","9ft-solar-led-patio-umbrella-with-push-button-tilt-crank-6-ribs-waterproof-polyester-outdoor-market-table-umbrella-for-garden-backyard-pool-burgundy"
"Carpa Plegable de Castillo para Niñas","Home & Living","CJZS28975170001","foldable-princess-play-castle-tent-for-girls-large-space-playhouse-with-breathable-mesh-doors-stable-structure-indoor-outdoor-play-tent-ideal-gift-for-toddler-girls-play-relax-pink"
"Molino de Carne Eléctrico de Acero Inoxidable 5L","Home & Living","CJCJ291511201AZ","5l-stainless-steel-bowl-kitchen-meat-grinder-electric-meat-grinder-chopper"
"Exprimidor de Cítricos Manual a Presión","Home & Living","CJCJ29047450001","professional-grade-citrus-juicer-hand-press-manual-fruit-juicer-orange-juice-d"
"Jardinera Elevada de Metal Galvanizado","Home & Living","CJYL291948601AZ","4-9-x-2-x-1-galvanized-raised-garden-bed-kit-metal-planter-box-with-safety-edging-cream"
"Corrector de Postura Ergonómico con Soporte Lumbar","Sports & Fitness","CJJT263845501AZ","corrector-de-postura-ergonomico-con-soporte-lumbar"
"Cargador Rápido para Celular 25W PD QC3.0","Electronics","CJSJ275348001AZ","multi-interface-qc3-0-fast-charging-pd-25w-fast-charging-mobile-phone-charger"
"Power Bank de Alta Capacidad 50000mAh","Electronics","CJYD275433801AZ","high-capacity-power-bank-with-50000-mah"
"Power Bank Portátil 10000mAh con Pantalla Digital","Electronics","CJYD272790501AZ","ultra-thi-portable-10000-mah-power-bank-with-digital-display-and-bidirectional-fast-charging"
"Soporte Magnético Giratorio para Celular","Electronics","CJSJ291294402BY","new-double-sided-magnetic-suction-gyro-phone-holder"
"Audífonos para Celular y Computadora","Electronics","CJSJ284334301AZ","mobile-phone-computer-and-music-headset"
"Parlante Bluetooth Portátil para Exteriores","Electronics","CJYD285596601AZ","outdoor-portable-bluetooth-subwoofer-speaker"
"Parlante Bluetooth Inalámbrico Diseño Auto Retro","Electronics","CJYD263735601AZ","retro-style-car-model-wireless-bluetooth-speaker"
"Parlante Bluetooth con Tira de Luz RGB","Electronics","CJYD257198601AZ","wireless-card-u-disk-magic-color-rgb-lamp-strip-bluetooth-speaker"
"Cama de Madera Desmontable y Lavable para Mascotas","Pet Supplies","CJYD285502401AZ","detachable-and-washable-all-season-wooden-pet-bed"
"Casa-Cama Desmontable para Perros y Gatos Todo Clima","Pet Supplies","CJYD275233201AZ","pet-bed-cat-house-dog-houseuniversal-for-all-seasons-including-summer-and-detachable"
"Arnés tipo Chaleco con Correa para Perro","Pet Supplies","CJYD285137601AZ","dog-vest-style-collar-and-harness"
"Correa Táctica para Perros Grandes","Pet Supplies","CJYD284544401AZ","pet-leash-large-dog-leash-tactical"
"Correa de Malla Transpirable para Mascotas","Pet Supplies","CJPL28338260001","pet-traction-rope-s-mixed-color-breathable-mesh-1-piece"
"Correa Retráctil Automática con Arnés","Pet Supplies","CJYD291788801AZ","automatic-retractable-leash-and-harness"
"Arnés tipo Chaleco con Correa para Perro","Pet Supplies","CJYD289830801AZ","vest-style-dog-leash-walking-leash-dog-chain-harness"
"Arnés Transpirable tipo Chaleco para Perro","Pet Supplies","CJYD289830701AZ","dog-harness-leash-breathable-vest-style-harness"
"Arnés Antiescape Ajustable para Gato","Pet Supplies","CJPH287012201AZ","cat-harness-and-leash-escape-proof-cat-harness-set-adjustable-step-in-pet-harness-for-walking-for-small-medium-dogs-cats"
"Arnés Acolchado Resistente para Perro","Pet Supplies","CJYD278820702BY","explosion-proof-padded-pet-dog-harness"
"Arnés tipo Chaleco para Perro","Pet Supplies","CJYD276384201AZ","dog-harness-vest-style-leash-dopamine-dog"
"Arnés con Alas de Ángel para Gato","Pet Supplies","CJYD275379001AZ","angel-wings-cat-harness-and-leash"
"Collar Estampado Reforzado para Mascotas","Pet Supplies","CJPH265821001AZ","thickened-heat-transfer-digital-print-pet-collar"
"Correa Reflectante con Chaleco para Perro","Pet Supplies","CJYD254183101AZ","dog-hand-holding-rope-vest-reflective"
"Comedero Dispensador Lento para Perros y Gatos","Pet Supplies","CJYD285345701AZ","roller-type-slow-feeding-dispenser-pet-bowl-for-cats-and-dogs"
"Plato de Lamer Antiansiedad Antideslizante para Perro","Pet Supplies","CJYD279682201AZ","dog-liquid-lick-bow-dog-slow-feeding-plate-non-slip-spherical-pet-licking-bowl"
"Comedero Elevado Antiderrame para Perros y Gatos","Pet Supplies","CJYD278021701AZ","elevated-neck-supporting-spill-proof-food-and-water-bowl-for-cats-and-dogs"
"Comedero Multifuncional con Ventosa","Pet Supplies","CJYD274131501AZ","new-multi-functional-suction-cup-feeder"
"Funda Transparente de Silicona TPU para Celular","Electronics","CJSJ115490301AZ","natural-tpu-transparent-soft-cover-mobile-phone-case-protective-cover"
"Cámara de Reversa HD con Visión Nocturna Impermeable","Auto","CJQCQCCZ00115-White","hd-car-camera-night-vision-waterproof-reversing"
"Cojines de Lino Antideslizantes para Asiento de Auto","Auto","CJQCMTMT00237-Purple-Q3 piece set","universal-car-seat-cushions-linen-non-slip-four-seasons-commons"
"Cable Cargador 3 en 1 para Celular","Electronics","CJSJ147901601AZ","mobile-phone-multifunctional-one-for-three-chargers"
"Parasol Telescópico Automático para Parabrisas","Auto","CJQCQCQC00063-Front80cm","4size-automatic-telescopic-adjustable-sun-shade-board-sun-protection-c"
"Espejo de Punto Ciego para Retrovisor de Auto","Auto","CJQCWBQT00034-Black-Left","car-rearview-mirror-auxiliary-blind-spot-mirror"
"Cubierta Impermeable para Parrilla","BBQ","CJSD27852200001","waterproof-grill-cover"
"Soporte con Luz de Relleno para Transmisiones","Electronics","CJSJSJSJ00492-Black","anchor-mobile-phone-frame-fill-light-mobile-phone-live-support-network"
"Escáner de Diagnóstico OBD2 para Auto Ancel AS200","Auto","CJZD109912701AZ","ancel-as200-obd2-scanner-car-diagnostic-tool-engine-test-equipment-ove"
"Organizador de Asiento de Auto con Mesa Plegable","Auto","CJQCQCQC00081-Beige","universal-multifunctional-car-seat-bag-with-foldable-table-pu-leather"
"Limpiador para Parrilla","BBQ","CJJT279902001AZ","grill-cleaner"
"Casco Todoterreno para Motocicleta","Auto","CJMT133580601AZ","off-road-helmet-motorcycle-small-off-road-helmet"
"Cojín Cervical para Asiento de Auto","Auto","CJQCNBQC00261-Black","car-headrest-and-neck-pillow"
"Cubierta para Parrilla de Exterior","BBQ","CJYDQTLY00450-Black","outdoor-grill-cover"
"Cargador Inalámbrico","Electronics","CJSJSJSJ01688-White","wireless-charger"
"Cargador de Batería por Pulsos para Motocicleta","Auto","CJQCWBQT00084-US","motorcycle-pulse-battery-charger"
"Cubierta Oxford para Parrilla","BBQ","CJYD195674401AZ","grill-rack-dust-cover-oxford-cloth"
"Cámara de Tablero HD 1080P para Auto","Auto","CJHS124960401AZ","hd-1080p-car-driving-recorde"
"Limpiador de Parrilla de Barbacoa","BBQ","CJJT236828801AZ","barbecue-grill-cleaner"
"Power Bank Inalámbrico Magnético","Electronics","CJCD165940401AZ","magnetic-suction-charging-bank-wireless-charging-bank-mobile-power-sup"
"Gancho Multifuncional para Asiento de Auto","Auto","CJHS184575701AZ","car-hook-seat-back-multifunctional-in-the-car"
"Kit de Reparación de Llantas para Auto","Auto","CJQCGJQT00114-Yellow","car-tire-repair-kit"
"Cama Inflable Plegable para Asiento Trasero de Auto","Auto","CJQC116971601AZ","the-rear-seat-car-inflatable-bed-can-be-folded"
"Funda de Vidrio con Privacidad para Celular","Electronics","CJJT188051801AZ","new-applicable-phone-case-double-sided-buckle-glass-privacy"
"Cubierta Impermeable Oxford para Parrilla","BBQ","CJYD144964101AZ","oxford-cloth-barbecue-stove-dust-cover-grill-cover-bbq-cover-waterproo"
"Protector de Pantalla de Vidrio Templado para Celular","Electronics","CJPB132953201AZ","hd-mobile-phone-film-screen-protector-tempered-glass-film"
"Casa-Tapete para Mascotas Todo Clima","Pet Supplies","CJQC111254201AZ","car-pet-mat-dog-house-four-seasons-general-cat-house-pet-house"
"Tapete Acolchado Impermeable para Mascotas en el Auto","Pet Supplies","CJQCNBQC00058-Grey-152x143cm","thicken-quilted-pet-car-mat-waterproof-pet-mat"
"Soporte de Celular para Bicicleta","Electronics","CJSJ106477901AZ","bicycle-cell-phone-holder-cell-phone-front-pocket"
"Cubierta Impermeable Oxford para Parrilla","BBQ","CJLY146220301AZ","210d-oxford-cloth-cover-waterproof-outdoor-bbq-grill-cover"
"Audífonos Bluetooth con Estuche Automático","Electronics","CJSJSJSJ00978-Composite loudspeaker","automatic-pop-up-bluetooth-headset"
"Cama para Perro en Asiento Trasero de Auto","Pet Supplies","CJGY211160001AZ","widened-support-plate-car-dog-bed-rear-seat-pet-pad"
"Estabilizador y Palo Selfie Bluetooth con Trípode","Electronics","CJSJ163776401AZ","handheld-gimbal-and-bluetooth-selfie-stick-tripod"
"Estuche Soporte para Apple Pencil de iPad","Electronics","CJSJYDSJ00159-Rose Gold","compatible-with-apple-case-holder-for-ipad-pencil-p-bandage-cove"
"Tapete para Mascotas en Maletero de Auto","Pet Supplies","CJQC101191801AZ","car-pet-mat-car-pet-trunk-mat-car-dog-mat"
"Casco para Motocicleta y Bicicleta de Montaña","Auto","CJQCMTMT00008-white-XL","motorcycle-helmet-mountain-bike-helmet"
"Cámara de Tablero H98 HD con Visión Nocturna","Auto","CJCZ108146401AZ","h98-recorder-hd-night-vision-driving-recorder"
"Luz LED de Lectura para Auto","Auto","CJQCQCQC00759-36MM","car-led-car-reading-light"
"Protector de Lente 3D para Celular","Electronics","CJSJ164949716PK","screen-printing-3d-radian-lens-protection-film"
"Casco Integral para Motocicleta Eléctrica","Auto","CJMT113194801AZ","motorcycle-helmets-for-men-and-women-full-face-helmets-electric-motorc"
"Cargador de Batería 12V para Auto y Motocicleta","Auto","CJQC102876601AZ","12v6a-motorcycle-car-battery-charger"
"Impresora Térmica de Etiquetas Bluetooth","Electronics","CJDY173049601AZ","thermal-label-printer-bluetooth-express-electronic-face-single-bar-cod"
"Pin para Bandeja de Tarjeta SIM","Electronics","CJSJYDSI00009-Silver10pcs","compatible-with-sim-card-slot-card-taking-pin"
"Cables de Arranque para Batería LUNDA 500A","Auto","CJQT111043801AZ","lunda-jumper-battery-cables-2m-500amp-1000amp-2-5m"
"Probador de Batería para Automóvil","Auto","CJQCQCQC01433-Yellow","automobile-battery-tester"
"Pulidora Eléctrica 12V para Auto","Auto","CJQCGJQC00032-Orange","12v-car-waxing-glaze-polishing-machine-car-electric-waxing-machine-hom"
"Funda de Asiento de Auto para Mascotas","Pet Supplies","CJQT127759201AZ","pet-car-seat-cover-car-cushion-pet-supplies-rear-seat-car-dog-cushion"
"Ventosa Extractora de Abolladuras para Auto","Auto","CJQC117250301AZ","new-pdr-tool-powerful-large-suction-cup-portable-one-handed-puller"
"Power Bank de Alta Capacidad","Electronics","CJSJYDSJ00128-Black","large-capacity-power-bank"
"Pad de Mouse Ergonómico con Reposamuñecas de Gel","Electronics","CJBG125656501AZ","ergonomic-mouse-wrist-rest-mouse-pads-silicon-gel-non-slip-streamline"
"Cubierta Impermeable Resistente para Parrilla 122cm","BBQ","CJCF25906440001","48-inch-grill-cover-heavy-duty-bbq-gas-grill-cover-outdoor-barbecue-wa"
"Calcomanía de Pestañas para Faros de Auto (2 Pack)","Auto","CJQCWBQC00021-default","headlight-eyelash-sticker-car-eyelashes-car-false-eyelashes-car-sticke"
"Toldo Lateral para Auto","Auto","CJQCWBQC00133-ArmyGreen-300x150cm","car-side-awning"
"Vidrio Templado para Samsung Galaxy S8","Electronics","CJSJYDSJ00039-A","tempered-film-galaxy-g9550-s8-mpered-glass-film-mobile-phone-protectio"
"Extensión Flexible para Taladro","Home & Living","CJQCGJQT00004-Black","1pc-flexible-shaft-drill-bit-holder"
"Protector de Pantalla Completa para Celular","Electronics","CJPB112910401AZ","high-definition-full-screen-for-mobile-phone-film"
"Tomacorriente con Interruptor de Alta Potencia","Home & Living","CJSJYDFL00006-3M","high-power-flip-flop-socket"
"Soporte Flexible de Escritorio para Celular y Tablet","Electronics","CJSJSJSJ00179-white","compatible-with-flexible-desktop-phone-tablet-stand-holder-for-ipad-mi"
"Estación de Carga Inalámbrica 4 en 1 para Apple","Electronics","CJSJSJSJ01937-Black","wireless-charger-4-in-1-charging-station-for-appleiwatch-series-8-7-i"
"Power Bank con Pantalla Digital de Alta Capacidad","Electronics","CJCD164904301AZ","digital-display-mobile-power-high-capacity-charging-bank"
"Soporte de Acero Inoxidable para Costillas a la Parrilla","BBQ","CJKP106336501AZ","stainless-steel-barbecue-grill-holder-smoking-rib-racks-grilling-bbq-a"
"Cubierta Impermeable Oxford para Parrilla","BBQ","CJJT125182301AZ","bbq-grill-cover-210d-oxford-cloth-bbq-cover-outdoor-waterproof-dustpro"
"Canasta Plegable de Acero para Parrilla","BBQ","CJYD259048801AZ","portable-stainless-steel-folding-grill-basket-bbq-grill-bask"
"Casco Integral para Motocicleta Antiempañante","Auto","CJQCMTMT00039-1style","electric-motorcycle-helmet-battery-car-helmet-full-face-helmet-winter"
"Basurero para Auto","Auto","CJQCQCQC00599-Black","car-trash-can"
"Repisa Adhesiva para Cargar el Celular","Home & Living","CJSJ108752901AZ","mobile-phone-charging-storage-rack-punch-free-sticky-storage-box"
"Reloj Despertador LED con Espejo y Cargador","Home & Living","CJCD123623901AZ","led-electric-alarm-clock-with-wireless-charger-desktop-digital-despert"
"Casco Integral para Motocicleta","Auto","CJQCMTMT00227-Transparent-One size","motorcycle-helmet-men-s-full-helmet"
"Cámara de Tablero Doble Lente 1080P para Auto","Auto","CJQC245513301AZ","1080p-dual-lens-car-dvr-dash-cam-video-recorder-g-sensor-front-and-ins"
"Organizador de Cables USB de Silicona","Electronics","CJJSBGBG00728-3 clips2PCS","silicone-usb-cable-winder-desktop-cable-organizer-management-multipurp"
"Cubierta para Parrilla","BBQ","CJYDQTLY00416-190T-Black-Square S","barbecue-grill-cover"
"Mat de Yoga Antideslizante TPE con Líneas Guía","Sports & Fitness","CJYDQTJM00240-Dark purple","non-slip-tpe-yoga-mat-position-line-beginner"
"Rodillo de Espuma para Yoga","Sports & Fitness","CJYDQTJM00004-blue set1","yoga-foam-roller"
"Mini Cámara HD MD80 Portátil Deportiva","Electronics","CJXFXJSM00004-Black","mini-hd-md80small-minidv-mini-camera-outdoor-sports-thumb-recorder"
"Pistola de Espuma a Presión para Lavar Auto","Auto","CJQCGJXC00014-Accessory 4piece set","foam-spray-gun-high-pressure-automotive-foam-spray-gun-household-clean"
"Control Gamer para Celular 5 en 1 con Ventilador y Batería","Electronics","CJXFSPYX00099-SR cooling handle 2000MAH","5-in-1-mobile-gaming-controller-with-fan-plus-powerbank"
"Purificador de Aire Iónico para Auto","Auto","CJZN162371301AZ","car-air-purifier-portable-negative-ion-generator-remove-formaldehyde-d"
"Volante de Carreras para Control PS5","Electronics","CJXFSPYX00453-Black","ps5-racing-game-handle-bracket-steering-wheel-ps5-handle"
"Reloj Inteligente Deportivo DZ09 con Ranura SIM","Watches","CJXFZNZN00023-Full black","sports-smart-watch-dz09-card-phone-watch"
"Portavasos Plegable Organizador para Auto","Auto","CJQCWBQT00326-default","foldable-car-cup-holder-drinking-bottle-holder-cup-stand-bracket-sungl"
"Toalla de Microfibra de Doble Cara para Lavar Auto","Auto","CJQCWBQT00017-2pc 30x30","two-color-couble-sided-car-dual-use-cleaning-car-wash-towel"
"Volante Accesorio para Control PS5","Electronics","CJXFSPYX00452-Black","ps5-steering-wheel-ps5-handle-accessories-steering-wheel"
"Soporte de Auto con Carga Inalámbrica por Gravedad","Auto","CJXFLPCD00009-black","gravity-bracket-wireless-charging-car-two-in-one-wireless-charging-bra"
"Reloj Inteligente Impermeable","Watches","CJXFZNZN00507-Gold pink","smart-waterproof-watch"
"Reloj de Cuarzo Impermeable para Hombre","Watches","CJZN117894201AZ","watch-men-s-turntable-waterproof-men-s-watch-quartz-watch-men-s-watch"
"Cargador Inalámbrico Magnético 15W para iPhone","Electronics","CJCD228638501AZ","iphone-17-pro-pro-max-wireless-charger-15w-magnetic-wireless-fast-char"
"Mouse Inalámbrico para Oficina","Electronics","CJXFLPJY00067-gray","wireless-mouse-office-computer-mouse-wholesale-mouse"
"Calcomanía Protectora para Consola de Videojuegos","Electronics","CJYX156853501AZ","game-console-sticker-electronic-game-console-protective-paper"
"Reloj Inteligente Y90 con GPS y Monitor de Presión","Watches","CJZN119154101AZ","y90-smart-watch-gps-blood-pressure-monitoring-health-smart-watch-sport"
"Colchón Inflable para Auto y Camping","Auto","CJQCQCQC00961-Black","inflatable-mattress-camping-car-air-mattress-car-travel-mattress-outdo"
"Cámara de Reversa HD para Auto","Auto","CJXFXJYD00026-Black","car-camera-hd-bracket-reversing-camera"
"Microscopio Digital USB Portátil 1000X","Electronics","CJXFXJSY00030-1000X","portable-usb-digital-electronic-microscope-8-led-magnifier-1000x-video"
"Cargador de Auto Metálico 100W USB y Type-C","Auto","CJYD180232701AZ","metal-car-charger-100w-super-fast-charging-car-cigarette-lighter-usb-a"
"Panel Solar Plegable Portátil con Salida USB","Electronics","CJDC122868001AZ","outdoor-folding-solar-panel-charger-portable-5v-2-1a-usb-output-device"
"Tira de Luz LED Neón 12V para Auto","Auto","CJQCQCQC00353-Purple-3m","car-led-strip-light-for-neon-party-decoration-light-bicycle-dance-lamp"
"Cámara de Seguridad Domo de Red","Electronics","CJXFXJYD00058-White-US","network-dome-camera"
"Zapatos de Lona Casuales para Hombre","Footwear","CJNS276282001AZ","mens-casual-and-stylish-canvas-shoes"
"Espejo Retrovisor con Cámara de Tablero HD 1080P","Auto","CJQCQCHS00027-Black edged dual lens-4.3inch","1080p-hd-rearview-mirror-driving-recorder"
"Zapatillas de Cuero Transpirables para Hombre","Footwear","CJYD276861801AZ","german-trained-men-s-genuine-leather-breathable-sneakers"
"Aspiradora Portátil para Auto","Auto","CJXC103967001AZ","car-vacuum-cleaner-powerful-mini-car-dual-purpose-power"
"Reloj Digital LED 3D Decorativo para el Hogar","Home & Living","CJJY116335101AZ","3d-luminous-led-digital-clock-simple-and-versatile-at-home"
"Soporte de Navegación para Espejo Retrovisor","Auto","CJQC147646701AZ","car-rearview-mirror-swivel-navigation-bracket"
"Adaptador de Corriente USB-C 20W","Electronics","CJCD114224201AZ","original-20w-usb-c-power-adapter"
"Mouse Vertical Ergonómico Bluetooth Recargable","Electronics","CJXFLPJY00689-Black Bluetooth","souris-ergonomique-verticale-bluetooth-gamer-souris-kit-usb-rechargeab"
"Reloj Inteligente Deportivo B57 con Pantalla a Color","Watches","CJXFZNZN00256-Pink","compatible-with-apple-b57-color-screen-smart-sports-watch"
"Reproductor MP3 para Encendedor de Auto","Auto","CJQCQCQC02251-Quick charge version","lossless-mp-playing-cigarette-lighter-car-supplies"
"Mouse Inalámbrico Silencioso Recargable M60","Electronics","CJXFLPJY00172-Black","m60-rechargeable-wireless-mouse-mute-mouse"
"Cargador Inalámbrico Rápido 10W para Auto","Auto","CJXFLPCD00153-Grey","10w-fast-wireless-car-charger"
"Aspiradora para Auto","Auto","CJQCQCQC00057-Orange","car-vacuum-cleaner"
"Zapatos Casuales Transpirables para Hombre","Footwear","CJNS276941901AZ","men-s-spring-arrival-breathable-casual-shoes"
"Zapatos de Suela Gruesa Acolchados para Hombre","Footwear","CJNS276331701AZ","mens-cozy-thick-soled-cotton-shoes-for-casual-and-athletic-wear"
"Control Inalámbrico para PS4","Electronics","CJXFSPYX00073-Purple","ps4-wireless-game-handle"
"Consola Retro Clásica de Videojuegos","Electronics","CJZS161956201AZ","retro-console-super-console-classic-red-and-white-machine"
"Limpiador de Oídos con Cámara Endoscópica","Electronics","CJXFXJBX00019-2pc","endoscope-ear-pick"
"Cable de Audio 3.5mm para Auto","Electronics","CJSM121624201AZ","cell-phone-3-5mm-mobile-phone-car-audio-cable"
"Teclado con Sensación Mecánica","Electronics","CJXFSPYX00368-Black","mechanical-feel-keyboard"
"Zapatillas Chunky sin Cordones Transpirables","Footwear","CJNS276586101AZ","breathable-soft-soled-slip-on-chunky-sneakers"
"Removedor de Rayones y Pulidor para Auto","Auto","CJQCGJQT00029-Red 1pcs","car-scratch-remover-for-autos-body-paint-scratch-care-auto-car-care-po"
"Cámara de Acción 4K","Electronics","CJXFXJYD00069-Black","4k-motion-camera"
"Pantuflas Hechas a Mano Talla Grande para Hombre","Footwear","CJYD276586301AZ","mens-plus-size-business-soft-soled-handmade-slippers"
"Micrófono Condensador para Grabación y Transmisión","Electronics","CJMK110309001AZ","microphone-computer-game-voice-microphone-live-recording-condenser-mic"
"Dispensador de Bebidas Invertido para el Hogar","Home & Living","CJJZGJSD01806-Generation red","water-jug-soda-beverage-dispenser-bottle-coke-upside-down-drinking-wat"
"Consola de Videojuegos Clásica para TV","Electronics","CJSP100347801AZ","fc-red-and-white-classic-tv-game-console"
"Cojín Cervical de Cuero para Asiento de Auto","Auto","CJQCQCQC00615-Black Leather","car-headrest-pillow-sleep-adjustable-side-car-soft-travel-seat-headres"
"Parasol Plegable para Parabrisas con Protección UV","Auto","CJQT123821501AZ","foldable-car-windshield-sun-shade-umbrella-uv-protection-heat-insulati"
"Teclado Plegable Portátil","Electronics","CJXFLPJY00026-Gold","portable-folding-keyboard"
"Pistola de Masaje Eléctrica de Vibración Profunda","Sports & Fitness","CJJY168918701AZ","deep-vibration-massage-gun-electric-relaxation"
"Cargador Doble para Control PS5","Electronics","CJXFLPCD00392-Universal plug-White","ps5-gamepad-dual-charger-ps5-wireless-gamepad-charger"
"Reloj Inteligente para Mujer KW10 Pro","Watches","CJXFZNZN01125-Silver set","chivo-kw10pro-women-s-smart-watch"
"Zapatillas Popcorn de Suela Gruesa para Mujer","Footwear","CJNS276540901AZ","new-womens-popcorn-style-shoes-outdoor-thick-soled-sneakers"
"Cámara de Caza 1080P con Visión Nocturna","Electronics","CJXFXJSM00067-Green-32G","1080p-trail-camera-hunting-game-camera-outdoor-wildlife-scouting-camer"
"Teclado Bluetooth con Control de Voz","Electronics","CJZS131031801AZ","handle-can-chat-voice-bluetooth-keyboard"
"Soplador Portátil sin Escobillas de Alta Potencia","Electronics","CJYD188030901AZ","blower-portable-130000-turn-brushless-storm"
"Aro de Luz LED","Electronics","CJXFXJSY00135-D 26cm Built in clip","led-ring-light"
"Parlantes para Computadora con Subwoofer D-202","Electronics","CJYS107800101AZ","speakers-computer-d-202-combination-music-player-subwoofer-sound-box-s"
"Consola de Videojuegos Portátil","Electronics","CJXFSPSP00016-black","game-machine"
"Báscula Digital Inteligente Recargable","Home & Living","CJXFLPJY00081-Rose gold-USB charging","rechargeable-household-weight-scale-accurate-human-weighing-scale-smal"
"Cámara Deportiva 4K Impermeable","Electronics","CJXFXJSM00002-Yellow","4k-waterproof-sport-camera"
"Adaptador Bluetooth","Electronics","CJXFLPSM00011-default","bluetooth-adapter"
"Audífonos Gamer Bluetooth","Electronics","CJEJ130882701AZ","the-new-bluetooth-black-tech-e-sports-headset"
"Tapete Antideslizante con Soporte de Celular para Auto","Auto","CJQC138570801AZ","non-slip-car-phone-pad-for-4-in-1-car-parking-number-card-anti-slip-ma"
"HUB USB 2.0 de Cuatro Puertos","Electronics","CJXFLPSM00249-Silver","compatible-with-apple-four-port-usb-2-0-hub-hub"
"Zapatos Deportivos Casuales Talla Grande para Hombre","Footwear","CJNS276300601AZ","mens-versatile-casual-athletic-shoes-in-plus-sizes"
"Tapas de Botones para Control PS5","Electronics","CJXFSPYX00416-Photo Color","ps5-handle-button-cap-trigger-button-cap"
"Reloj Inteligente con Llamadas Bluetooth y Pago","Watches","CJZN103812001AZ","smart-bluetooth-call-offline-payment-watch"
"Cargador Doble para Control PS4","Electronics","CJXFSPYX00089-White","dual-ps4-controller-charger"
"Pad de Mouse de Silicona Diseño Anime","Electronics","CJXFLPJY00780-Pink","silicone-anime-mouse-pad"
"Zapatos para Correr Antideslizantes","Footwear","CJNS276589001AZ","non-slip-casual-running-shoes-for-fall-and-winter"
"Medidor de Distancia Electrónico Digital","Electronics","CJXFLPJY00674-Black 2PCS","distance-measuring-instrument-electronic-measuring-ruler-tape-measure"
"Organizador de Cuero para Asiento de Auto","Auto","CJQCQCQC00048-Black","hq-leather-car-seat-organizers"
"Pulsera Inteligente Multifunción Q9 Pro","Watches","CJZN130447001AZ","q9-pro-smart-bracelet-multi-function-watch"
"Reloj Inteligente Bluetooth","Watches","CJXFZNZN01210-Red","bluetooth-smart-watch"
"Zapatos Casuales Ligeros y Transpirables","Footwear","CJNS276332301AZ","new-lightweight-breathable-casual-shoes-with-a-soft-sole"
"Kit de Supervivencia y Primeros Auxilios para Camping","Sports & Fitness","CJSY165345001AZ","outdoor-multifunctional-survival-tool-set-camping-equipment-sos-first"
"Trípode Pulpo Flexible para Celular","Electronics","CJSY148337101AZ","black-octopus-mobile-phone-clip-gimbal-tripod-set"
"Base de Carga Rápida para Control PS5","Electronics","CJSM111101001AZ","new-product-p5-handle-fast-charge-ps5-handle-charging-stand-dual-handl"
"Accesorios para Cámara Deportiva DV","Electronics","CJXFXJSY00290-Black","sports-dv-camera-accessories"
"Cámara Web HD para Computadora","Electronics","CJXFXJSY00192-Black","computer-hd-camera"
"Zapatillas Deportivas Ligeras Amortiguadas Unisex","Footwear","CJNS276332109IR","casual-soft-sole-athletic-shoes-shock-absorbing-lightweight-sports-sne"
"Zapatos de Senderismo para Hombre","Footwear","CJYD278554401AZ","men-s-outdoor-round-toe-flat-heel-casual-hiking-shoes"
"Pantalón de Trabajo Casual con Bolsillos para Hombre","Men's Clothing","CJXX291671601AZ","mens-casual-trousers-multi-pocket-work-pants"
"Zapatos Casuales de Cuero Hechos a Mano para Hombre","Footwear","CJYD281182701AZ","low-cut-cowhide-upper-handmade-hikingcross-country-casual-shoes"
"Chaqueta de Mezclilla Entallada para Hombre","Men's Clothing","CJMJ291825501AZ","form-fitting-denim-jacket-for-men"
"Sandalias de Playa Casuales para Hombre","Footwear","CJYD278725201AZ","men-s-casual-lightweight-indooroutdoor-beach-slippers"
"Shorts de Playa Casuales con Cordón para Hombre","Men's Clothing","CJYD291926201AZ","casual-mens-beach-shorts-with-a-braided"
"Camisa Oxford a Cuadros de Manga Larga para Hombre","Men's Clothing","CJDS290477601AZ","oxford-check-shirt-casual-cotton-blend-men-s-button-down-long-sleeve-t"
"Shorts Deportivos Casuales con Cordón","Men's Clothing","CJXX291776601AZ","drawstring-waist-solid-color-casual-athletic-shorts"
"Zapatillas de Malla Transpirables para Hombre","Footwear","CJNS277549701AZ","mens-shoes-winter-trendy-mens-sneakers-mesh-breathable-casual-soft-sol"
"Camisa Casual Cuello Cubano Talla Grande para Hombre","Men's Clothing","CJDS291294901AZ","mens-loose-fit-plus-size-cuban-neck-casual-short-sleeve-shirt"
"Zapatos de Vestir de Cuero para Hombre","Footwear","CJYD281554202BY","summer-casual-business-formal-soft-soled-suit-leather-shoes-for-men"
"Camisa de Trabajo para Hombre","Men's Clothing","CJMS290832501AZ","h-2-7-workwear-shirt"
"Camiseta Henley Retro de Manga Corta para Hombre","Men's Clothing","CJYH291321301AZ","mens-round-neck-short-sleeve-retro-henry-t-shirt"
"Zapatillas Deportivas de Malla Suela Gruesa","Footwear","CJNS278338501AZ","all-match-deodorizing-wear-resistant-mesh-sports-casual-thick-soled"
"Camisa de Playa a Rayas de Manga Corta para Hombre","Men's Clothing","CJDS291797301AZ","cross-border-mens-summer-fashion-striped-lapel-beach-fit-casual-shirt"
"Pantalón Recto para Hombre","Men's Clothing","CJNZ291705601AZ","k2-non-stretch-straight-leg-pants"
"Zapatos Impermeables Antideslizantes con Cordones para Hombre","Footwear","CJYD277227201AZ","waterproof-non-slip-comfortable-versatile-lace-up-mens-shoes"
"Shorts Casuales para Hombre","Men's Clothing","CJYD290732601AZ","casual-shorts-for-cross-border-trade-in-europe-and-america"
"Pantalón Recto Entallado Elástico para Hombre","Men's Clothing","CJNZ291281502BY","shanxi-stretchy-slim-straight-pants"
"Camisa de Negocios a Cuadros de Manga Larga","Men's Clothing","CJMS290875601AZ","checkered-striped-long-sleeved-business-shirt"
"Camisa de Lino Cuello Mao de Manga Corta para Hombre","Men's Clothing","CJDS291302801AZ","loose-fit-mens-linen-casual-mandarin-collar-short-sleeve-shirt"
"Zapatos de Cuero Casuales para Hombre","Footwear","CJYD279151501AZ","new-men-s-trendy-casual-leather-shoes"
"Camisa Casual de Manga Corta para Hombre","Men's Clothing","CJDS291940301AZ","mens-casual-solid-color-button-down-short-sleeve-shirt"
"Conjunto de Camisa y Pantalón para Hombre","Men's Clothing","CJTW291300801AZ","new-mens-solid-color-button-down-shirt-and-trousers-set"
"Camisa Polo Tejida de Malla Celeste para Hombre","Men's Clothing","CJYD290339701AZ","mens-light-blue-mesh-hollow-out-knitted-polo-shirt"
"Camisa Estilo Elegante para Hombre","Men's Clothing","CJMS291578001AZ","french-high-end-court-style-shirt-for-men-korean-version"
"Botas de Cuero con Realce de Altura para Hombre","Footwear","CJYD291085801AZ","mens-shoes-british-style-height-increasing-leather-boots-hairstylist-p"
"Zapatos Casuales de Suela Suave para Hombre","Footwear","CJNS286314501AZ","men-s-fashionable-all-match-soft-soled-casual-shoes"
"Pantalón de Lino Recto con Pliegues para Hombre","Men's Clothing","CJXX291883502BY","mens-linen-trousers-double-pleats-front-pockets-straight-leg-solid-col"
"Camiseta Tejida de Manga Corta para Hombre","Men's Clothing","CJYH291642801AZ","summer-new-mens-knitted-t-shirt-with-corduroy-short-sleeves"
"Pantalón Recto Slim para Hombre","Men's Clothing","CJNZ291695301AZ","b2-non-elastic-small-straight-leg-pants"
"Camiseta Henley de Rayas con Botones","Men's Clothing","CJYH291322801AZ","herringbone-henry-shirt-short-sleeved-vertical-striped-button-t-shirt"
"Camisa Casual de Manga Larga para Hombre","Men's Clothing","CJDS290360001AZ","mens-fashion-shirt-youth-casual-long-sleeve"
"Zapatos Casuales Cómodos para Caminar para Hombre","Footwear","CJNS277713601AZ","men-s-casual-walking-shoes-for-middle-aged-and-elderly"
"Camisa Polo Texturizada de Verano para Hombre","Men's Clothing","CJDS291290301AZ","mens-summer-textured-jacquard-polo-shirt"
"Zapatos Deportivos Transpirables Antideslizantes para Hombre","Footwear","CJNS278904201AZ","men-s-fashionable-breathable-non-slip-sports-casual-shoes"
"Conjunto Deportivo de Camiseta y Shorts para Hombre","Men's Clothing","CJTW291899701AZ","men-s-casual-sports-short-sleeve-top-and-shorts-set"
"Camisa Casual Estampada de Manga Larga para Hombre","Men's Clothing","CJYH290334701AZ","mens-fashionable-printed-casual-long-sleeve-shirt"
"Zapatos de Cuero Estilo Coreano para Hombre","Footwear","CJYD283986001AZ","men-s-casual-british-style-korean-style-pointed-toe-leather-shoes"
"Sandalias Impermeables de Doble Uso para Hombre","Footwear","CJYD277557901AZ","waterproof-non-slip-soft-soled-mens-dual-use-sandals"
"Camisa Casual de Trabajo Multicolor para Hombre","Men's Clothing","CJDS290479101AZ","patchwork-color-block-loose-fit-workwear-casual-shirt"
"Camisa Polo con Medio Cierre para Hombre","Men's Clothing","CJDS290340301AZ","casual-jacquard-patchwork-half-zip-polo-shirt-with-a-lapel-collar"
"Zapatillas con Realce de Altura para Hombre","Footwear","CJNS276943301AZ","men-s-sneakers-stylish-and-versatile-height-increasing-chunky"
"Chaqueta de Mezclilla Entallada para Hombre","Men's Clothing","CJMJ291729401AZ","formal-and-well-fitting-denim-jacket"
"Chaqueta con Capucha Tejido Waffle Multicolor","Men's Clothing","CJWY291316501AZ","color-block-waffle-knit-long-sleeve-hooded-jacket"
"Botas Martin de Caña Alta para Hombre","Footwear","CJYD278367501AZ","men-s-high-top-winter-british-style-retro-martin-boots"
"Camiseta sin Mangas de Algodón para Hombre","Men's Clothing","CJYD291999901AZ","solid-color-vest-sleeveless-cotton-t-shirt"
"Zapatos de Cuero Punta Fina Talla Grande para Hombre","Footwear","CJYD289669301AZ","mens-casual-british-style-pointed-toe-leather-shoes-plus-size"
"Camiseta Delgada Transpirable de Verano para Hombre","Men's Clothing","CJYH291641501AZ","mens-summer-breathable-short-sleeve-new-thin-t-shirt"
"Camisa Hawaiana Estampada de Manga Corta","Men's Clothing","CJDS291774501AZ","hawaiian-style-printed-short-sleeve-shirt"
"Zapatos Dieléctricos Aislantes 10KV para Hombre","Footwear","CJNS289936201AZ","men-s-breathable-insulated-10kv-electrical-shoes"
"Conjunto de Camisa y Pantalón de Playa para Hombre","Men's Clothing","CJTW291291501AZ","mens-beach-shirt-and-casual-loose-fit-pants-set"
"Sandalias Casuales Transpirables para Hombre","Footwear","CJYD289647301AZ","mens-soft-soled-non-slip-breathable-casual-sandals"
"Botas de Senderismo de Caña Media Talla Grande para Hombre","Footwear","CJYD287361201AZ","men-s-mid-top-outdoor-hiking-boots-in-plus-size-47"
"Shorts de Trabajo Elásticos Transpirables para Hombre","Men's Clothing","CJYD290467501AZ","mens-fashionable-breathable-stretchy-work-shorts"
"Camisa Versátil de Manga Larga para Hombre","Men's Clothing","CJMS290932701AZ","h-8868-long-sleeved-versatile-top"
"Zapatos de Vestir de Cuero con Realce para Hombre","Footwear","CJYD283860901AZ","men-s-business-dress-leather-shoes-with-hidden-heel"
"Chaqueta con Capucha Entallada para Hombre","Men's Clothing","CJXZ290760101AZ","mens-slim-fit-hooded-jacket-korean-style-trendy"
"Camisa de Pana Casual para Hombre","Men's Clothing","CJDS291339801AZ","mens-casual-workwear-layered-corduroy-shirt"
"Camisa de Negocios de Manga Larga para Hombre","Men's Clothing","CJMS290882701AZ","men-s-long-sleeved-business-shirt"
"Shorts de Entrenamiento Casuales para Hombre","Men's Clothing","CJXX290758001AZ","mens-casual-loose-fit-outdoor-training-shorts"
"Conjunto de Dos Piezas Tejido Waffle para Hombre","Men's Clothing","CJTW290680801AZ","waffle-weave-t-shirt-mens-short-sleeve-viscose-summer-two-piece-set"
"Bóxer Briefs para Hombre","Men's Clothing","CJNZ291704901AZ","d2-elasticless-micro-briefs"
"Traje Entallado Elegante de Negocios para Hombre","Men's Clothing","CJXZ290377301AZ","elegant-banquet-ready-business-suit-mens-slim-fit-suits-set"
"Zapatos Casuales para Hombre","Footwear","CJYD285845402BY","men-s-size-40-48-casual-shoes"
"Shorts de Trabajo Holgados con Bolsillos para Hombre","Men's Clothing","CJXX291687301AZ","mens-stretchy-loose-fitting-multi-pocket-work-shorts"
"Chaleco Deportivo con Cierre y Cuello Alto para Hombre","Men's Clothing","CJYD291318701AZ","mens-breathable-athletic-workwear-stand-neck-zip-up-vest"
"Zapatillas para Correr de Moda para Hombre","Footwear","CJNS278345001AZ","new-style-sneakers-fashionable-running-shoes-for-men"
"Camisa Tejido Waffle de Manga Corta para Hombre","Men's Clothing","CJYH291283401AZ","mens-summer-solid-color-waffle-weave-short-sleeve-shirt"
"Hoodie Casual Holgado de Color Liso","Men's Clothing","CJWY291278001AZ","loose-fitting-casual-plain-colored-hoodie"
"Zapatillas de Malla Flyknit Talla Grande para Hombre","Footwear","CJNS282435601AZ","plus-size-mens-shoes-flyknit-mesh-shoes-casual-sports-shoes"
"Pantalón de Uniforme de Chef para Hombre","Men's Clothing","CJYD291433201AZ","chefs-work-uniform-mens-loose-fitting-trousers"
"Pantalón Casual Deportivo para Hombre","Men's Clothing","CJXX291617501AZ","trendy-sporty-casual-pants-for-men"
"Zapatos de Seguridad Antiimpacto para Hombre","Footwear","CJNS288038901AZ","men-s-safety-shoes-with-knobs-to-prevent-smashing-and-shoelace-punctur"
"Shorts Casuales de Sarga para Hombre","Men's Clothing","CJYD291293901AZ","mens-twill-wrinkle-resistant-casual-shorts"
"Pantalón de Trabajo Resistente con Bolsillos para Hombre","Men's Clothing","CJYD291307401AZ","new-ix5-outdoor-commuter-relaxed-fit-multi-pocket-abrasion-resistant-w"
"Chaqueta de Mezclilla Entallada","Men's Clothing","CJMJ291798501AZ","slim-fit-denim-jacket"
"Sandalias de Suela Gruesa Antideslizantes","Footwear","CJYD280939101AZ","outdoor-thick-soled-sandals-wear-resistant-and-non-slip"
"Camisa Polo de Seda Unisex","Men's Clothing","CJDS291939601AZ","tussah-silk-composite-polo-shirt-for-men-and-women"
"Camiseta Vintage Lavada para Hombre","Men's Clothing","CJYH291202601AZ","high-end-vintage-snow-washed-mens-top"
"Zapatos de Malla Ligeros con Suela EVA para Hombre","Footwear","CJNS278811301AZ","breathable-mesh-shoes-with-soft-eva-soles-lightweight-mens-shoes"
"Zapatos Ligeros y Transpirables para Hombre","Footwear","CJNS279465101AZ","non-slip-lightweight-and-breathable-mens-shoes"
"Camiseta Refrescante de Manga Corta para Hombre","Men's Clothing","CJYH291957301AZ","mens-short-sleeve-t-shirt-with-instant-cooling-technology"